Model,RMSE,MAE,R2_Score
Random Forest (Cost),5.928469408853847,2.740807327636918,0.9433929016600395
XGBoost (CO2),0.2852401255974055,0.1699762873649598,0.8377740939170741
