strength_mpa,weight_capacity_kg,biodegradability_score,recyclability_percent,co2_emission_score,material_type_encoded,co2_impact_index,cost_efficiency_index,material_suitability_score,strength_mpa_normalized,weight_capacity_kg_normalized,biodegradability_score_normalized,co2_emission_score_normalized,recyclability_percent_normalized
-0.8004165582161995,-0.1155934193152441,0.9401098443550133,0.6322804093577357,-0.9362574017160602,-1.1547005383792517,0.9363138864446616,0.6834384128478986,0.8181643008794386,-0.8004165582161995,-0.11559341931524399,0.9401098443550132,-0.9362574017160596,0.6322804093577358
-1.161895003862225,-0.30054289021963465,0.7566737771637911,0.09983374884595826,-1.0228476816435572,2.3094010767585034,1.0228715500585008,1.879359520797756,-0.03546825302879595,-1.161895003862225,-0.3005428902196346,0.7566737771637911,-1.0228476816435568,0.0998337488459582
