Model,RMSE,MAE,R2_Score
Random Forest (Cost),14.11293901527751,9.259119370123946,0.6792101215802091
XGBoost (CO2),0.2852401255974055,0.1699762873649598,0.8377740939170741
